{
  "majority": {
    "EM": 0.032,
    "F1": 0.3581333333333333
  },
  "pretrained": {
    "EM": 0.0,
    "F1": 0.025392118992118993
  },
  "finetuned": {
    "EM": 0.6906666666666667,
    "F1": 0.7918222222222221
  }
}