{
  "seeds": [
    {
      "seed": 0,
      "train_loss": [
        2.947621723438831,
        1.1525672040087112,
        0.7716320607256382
      ],
      "val_loss": [
        1.4221643507480621,
        1.0155841931700706,
        0.9761152975261211
      ],
      "best_dev_loss": 0.9761152975261211
    },
    {
      "seed": 1,
      "train_loss": [
        2.858504571813218,
        1.1287219321474116,
        0.7622068578258474
      ],
      "val_loss": [
        1.441834144294262,
        1.017143353819847,
        0.9540196321904659
      ],
      "best_dev_loss": 0.9540196321904659
    },
    {
      "seed": 2,
      "train_loss": [
        2.94777138689731,
        1.137841981776217,
        0.7642111943123189
      ],
      "val_loss": [
        1.4501506388187408,
        1.0195610076189041,
        0.9546735100448132
      ],
      "best_dev_loss": 0.9546735100448132
    }
  ],
  "model_name": "t5-small",
  "training_time_finetune_sec": 1390.0449097156525
}